<?xml version="1.0" encoding="UTF-8"?><?xml-stylesheet type='text/xsl' href='_UpgradeReport_Files/UpgradeReport.xslt'?><UpgradeLog>
<Properties><Property Name="Solution" Value="Applicaton1">
</Property><Property Name="Solution File" Value="F:\IP2009\Others\Chapter 6\Demo\Applicaton1\Applicaton1.sln">
</Property><Property Name="Date" Value="Saturday, July 11, 2009">
</Property><Property Name="Time" Value="23:18 PM">
</Property></Properties><Event ErrorLevel="0" Project="" Source="Applicaton1.sln" Description="Solution converted successfully">
</Event><Event ErrorLevel="3" Project="" Source="Applicaton1.sln" Description="Converted">
</Event></UpgradeLog>